id,work_code,project_name,category,state_id,district_id,constituency_id,vendor_id,sanctioned_amount,expenditure,utilization_pct,completion_pct,days_since_sanction,sanction_date,completion_date,status,latitude,longitude,executing_agency,created_at
1,MPLADS-BR-00481,Construction of Community Hall,Community Building,1,1,1,1,2500000.0,2150000.0,86.0,75.0,412,2025-07-20 12:17:00.111346,,Under Review,24.9567,83.9856,"District Rural Development Agency, Rohtas",2026-09-05 12:17:00.111346
2,WD-24-301,"Construction of Community Hall, Banaskantha",Infrastructure,2,3,3,2,2500000.0,2150000.0,86.0,80.0,380,2025-08-21 12:17:00.176720,,Work in Progress,24.1724,72.4346,Banaskantha District Panchayat,2026-09-05 12:17:00.177886
3,WD-24-302,"LED Street Light Installation, Banaskantha",Energy,2,3,3,2,1850000.0,1850000.0,100.0,100.0,365,2025-09-05 12:17:00.177886,,Completed,24.173,72.435,Banaskantha District Panchayat,2026-09-05 12:17:00.177886
4,SL-24-115,"Solar Street Light Installation, Jaipur",Energy,3,5,4,4,1500000.0,1480000.0,98.6,90.0,210,2026-02-07 12:17:00.177886,,Completed,26.9124,75.7873,Jaipur Nagar Nigam,2026-09-05 12:17:00.177886
5,SC-24-420,"School Building Construction, Patna",Education,1,2,2,3,6000000.0,5800000.0,96.6,95.0,540,2025-03-14 12:17:00.194821,,Under Audit,25.5941,85.1376,Bihar State Educational Infrastructure Dev Corp,2026-09-05 12:17:00.194821
6,RD-24-005,"Road Repair Work, Pune",Roads,4,6,5,5,4500000.0,1500000.0,33.3,30.0,90,2026-06-07 12:17:00.201944,,Just Sanctioned,18.5204,73.8567,Pune Municipal Corporation,2026-09-05 12:17:00.201944
7,MPLADS-MH-1001,Infrastructure Project at Pune Block 2,Infrastructure,4,6,5,2,800000.0,664000.0,83.0,79.3,462,2025-05-31 12:17:00.201944,,Work in Progress,21.8633648313757,83.07342109104378,Pune Public Works Dept,2026-09-05 12:17:00.201944
8,MPLADS-BR-1002,Infrastructure Project at Rohtas Block 3,Infrastructure,1,1,1,5,800000.0,421000.0,52.7,54.0,489,2025-05-04 12:17:00.211290,,Work in Progress,24.855947959494845,80.46255143778534,Rohtas Public Works Dept,2026-09-05 12:17:00.211290
9,MPLADS-RJ-1003,Energy Project at Jaipur Block 4,Energy,3,5,4,2,800000.0,672000.0,84.0,84.1,124,2026-05-04 12:17:00.211290,,Work in Progress,25.61530122040699,77.16973269611807,Jaipur Public Works Dept,2026-09-05 12:17:00.211290
10,MPLADS-RJ-1004,"Solar Street Light Installation, Jaipur Ward 4",Energy,3,5,4,4,2500000.0,2300000.0,92.0,92.7,397,2025-08-04 12:17:00.211290,,Completed,26.9124,75.7873,Jaipur Public Works Dept,2026-09-05 12:17:00.211290
11,MPLADS-GJ-1005,Roads Project at Banaskantha Block 1,Roads,2,3,3,6,2500000.0,2170000.0,86.8,86.2,400,2025-08-01 12:17:00.227553,,Work in Progress,23.729456549407555,73.95990982651281,Banaskantha Public Works Dept,2026-09-05 12:17:00.227889
12,MPLADS-RJ-1006,Community Building Project at Jaipur Block 2,Community Building,3,5,4,6,7500000.0,3303000.0,44.0,40.5,314,2025-10-26 12:17:00.227889,,Work in Progress,21.90039637764722,76.41188065767139,Jaipur Public Works Dept,2026-09-05 12:17:00.227889
13,MPLADS-GJ-1007,Water Supply Project at Surat Block 3,Water Supply,2,4,,3,2500000.0,1236000.0,49.4,53.6,205,2026-02-12 12:17:00.227889,,Work in Progress,21.755105543094754,76.07796954853178,Surat Public Works Dept,2026-09-05 12:17:00.227889
14,MPLADS-RJ-1008,"High Mast Solar Lighting, Jaipur Ward 4 Extension",Energy,3,5,4,4,2200000.0,2090000.0,95.0,98.0,280,2025-11-29 12:17:00.239446,,Completed,26.913,75.7878,Jaipur Public Works Dept,2026-09-05 12:17:00.239446
15,MPLADS-BR-1009,Education Project at Patna Block 5,Education,1,2,2,6,3500000.0,1948000.0,55.7,51.5,62,2026-07-05 12:17:00.244812,,Work in Progress,25.536479471623174,75.372266092157,Patna Public Works Dept,2026-09-05 12:17:00.244812
16,MPLADS-GJ-1010,Education Project at Banaskantha Block 1,Education,2,3,3,5,2500000.0,1096000.0,43.8,52.6,499,2025-04-24 12:17:00.244812,,Work in Progress,27.023304249134085,76.78870042389732,Banaskantha Public Works Dept,2026-09-05 12:17:00.244812
17,MPLADS-BR-1011,Energy Project at Patna Block 2,Energy,1,2,2,5,1200000.0,652000.0,54.3,54.7,171,2026-03-18 12:17:00.244812,,Work in Progress,24.357920588371595,83.23050579361865,Patna Public Works Dept,2026-09-05 12:17:00.244812
18,MPLADS-RJ-1012,Education Project at Jaipur Block 3,Education,3,5,4,1,800000.0,671000.0,83.8,84.6,509,2025-04-14 12:17:00.259877,,Under Review,21.307446422851264,74.4837318256645,Jaipur Public Works Dept,2026-09-05 12:17:00.261396
19,MPLADS-RJ-1013,Energy Project at Jaipur Block 4,Energy,3,5,4,1,5000000.0,4496000.0,89.9,96.5,378,2025-08-23 12:17:00.261396,,Work in Progress,25.474238941026496,73.80682097045693,Jaipur Public Works Dept,2026-09-05 12:17:00.261396
20,MPLADS-BR-1014,Energy Project at Rohtas Block 5,Energy,1,1,1,1,3500000.0,1721000.0,49.2,46.9,138,2026-04-20 12:17:00.261396,,Work in Progress,27.635145827416533,85.1502088116351,Rohtas Public Works Dept,2026-09-05 12:17:00.261396
21,MPLADS-MH-1015,Energy Project at Pune Block 1,Energy,4,6,5,2,7500000.0,5208000.0,69.4,72.4,30,2026-08-06 12:17:00.279331,,Work in Progress,21.307430221542116,83.46141092111975,Pune Public Works Dept,2026-09-05 12:17:00.279331
22,MPLADS-RJ-1016,Energy Project at Jaipur Block 2,Energy,3,5,4,3,3500000.0,1440000.0,41.1,49.3,110,2026-05-18 12:17:00.279331,,Under Review,27.041902834803153,84.49181638748158,Jaipur Public Works Dept,2026-09-05 12:17:00.279331
23,MPLADS-BR-1017,Water Supply Project at Rohtas Block 3,Water Supply,1,1,1,5,3500000.0,3057000.0,87.3,86.3,463,2025-05-30 12:17:00.279331,,Work in Progress,26.1500919915252,74.01303282104647,Rohtas Public Works Dept,2026-09-05 12:17:00.293178
24,MPLADS-BR-1018,Roads Project at Patna Block 4,Roads,1,2,2,6,7500000.0,6001000.0,80.0,82.8,153,2026-04-05 12:17:00.294227,,Work in Progress,22.56255870127707,86.92772541424733,Patna Public Works Dept,2026-09-05 12:17:00.294227
25,MPLADS-BR-1019,Community Building Project at Patna Block 5,Community Building,1,2,2,5,800000.0,477000.0,59.6,55.5,99,2026-05-29 12:17:00.301957,,Work in Progress,24.47598002715339,80.86775770471424,Patna Public Works Dept,2026-09-05 12:17:00.301957
26,MPLADS-BR-1020,Healthcare Project at Rohtas Block 1,Healthcare,1,1,1,2,2500000.0,1103000.0,44.1,52.3,514,2025-04-09 12:17:00.301957,,Under Review,22.29997038531992,79.33267603734231,Rohtas Public Works Dept,2026-09-05 12:17:00.301957
27,MPLADS-BR-1021,Healthcare Project at Patna Block 2,Healthcare,1,2,2,2,3500000.0,3039000.0,86.8,94.8,85,2026-06-12 12:17:00.311459,,Work in Progress,20.84517379228587,81.91884296776848,Patna Public Works Dept,2026-09-05 12:17:00.311459
28,MPLADS-MH-1022,Water Supply Project at Pune Block 3,Water Supply,4,6,5,4,7500000.0,3428000.0,45.7,48.8,173,2026-03-16 12:17:00.311459,,Work in Progress,25.852887348685343,84.02882841183931,Pune Public Works Dept,2026-09-05 12:17:00.311459
29,MPLADS-GJ-1023,Community Building Project at Surat Block 4,Community Building,2,4,,1,2500000.0,1671000.0,66.8,76.8,45,2026-07-22 12:17:00.311459,,Work in Progress,23.60073288592231,84.93410166095127,Surat Public Works Dept,2026-09-05 12:17:00.311459
30,MPLADS-BR-1024,Healthcare Project at Rohtas Block 5,Healthcare,1,1,1,4,1200000.0,596000.0,49.6,44.7,429,2025-07-03 12:17:00.327968,,Under Review,23.90273150197121,84.98329087105022,Rohtas Public Works Dept,2026-09-05 12:17:00.327968
31,MPLADS-GJ-1025,Healthcare Project at Banaskantha Block 1,Healthcare,2,3,3,6,3500000.0,1979000.0,56.5,53.9,333,2025-10-07 12:17:00.327968,,Work in Progress,27.662809362791418,86.93179807344144,Banaskantha Public Works Dept,2026-09-05 12:17:00.327968
32,MPLADS-BR-1026,Infrastructure Project at Patna Block 2,Infrastructure,1,2,2,1,5000000.0,4134000.0,82.7,90.5,191,2026-02-26 12:17:00.327968,,Work in Progress,26.00900692699461,72.95176256632149,Patna Public Works Dept,2026-09-05 12:17:00.327968
33,MPLADS-BR-1027,Roads Project at Rohtas Block 3,Roads,1,1,1,1,800000.0,715000.0,89.4,97.7,282,2025-11-27 12:17:00.344754,,Work in Progress,24.800777340955218,82.16066704870094,Rohtas Public Works Dept,2026-09-05 12:17:00.344754
34,MPLADS-RJ-1028,Roads Project at Jaipur Block 4,Roads,3,5,4,4,800000.0,607000.0,75.9,81.0,351,2025-09-19 12:17:00.344754,,Under Review,25.293247999332927,80.52188116527694,Jaipur Public Works Dept,2026-09-05 12:17:00.344754
35,MPLADS-BR-1029,Energy Project at Patna Block 5,Energy,1,2,2,6,3500000.0,1666000.0,47.6,49.5,132,2026-04-26 12:17:00.360018,,Work in Progress,22.469976930410223,76.81104022445062,Patna Public Works Dept,2026-09-05 12:17:00.361216
36,MPLADS-BR-1030,Roads Project at Rohtas Block 1,Roads,1,1,1,2,1200000.0,832000.0,69.3,66.7,586,2025-01-27 12:17:00.361602,,Work in Progress,27.4727490861503,85.22487618792795,Rohtas Public Works Dept,2026-09-05 12:17:00.361602
37,MPLADS-MH-1031,Energy Project at Pune Block 2,Energy,4,6,5,6,5000000.0,4853000.0,97.1,93.6,167,2026-03-22 12:17:00.361602,,Completed,24.278631471557933,82.05116173531749,Pune Public Works Dept,2026-09-05 12:17:00.361602
38,MPLADS-GJ-1032,Infrastructure Project at Banaskantha Block 3,Infrastructure,2,3,3,2,800000.0,664000.0,83.1,87.6,300,2025-11-09 12:17:00.361602,,Under Review,22.25155087728705,81.11196442275033,Banaskantha Public Works Dept,2026-09-05 12:17:00.361602
39,MPLADS-RJ-1033,Education Project at Jaipur Block 4,Education,3,5,4,1,2500000.0,2313000.0,92.5,99.1,298,2025-11-11 12:17:00.378069,,Completed,20.829157894930596,78.41127901119953,Jaipur Public Works Dept,2026-09-05 12:17:00.378069
40,MPLADS-BR-1034,Water Supply Project at Patna Block 5,Water Supply,1,2,2,4,3500000.0,2520000.0,72.0,69.2,66,2026-07-01 12:17:00.378069,,Work in Progress,24.531164231720496,73.7669208207811,Patna Public Works Dept,2026-09-05 12:17:00.378069
41,MPLADS-GJ-1035,Roads Project at Banaskantha Block 1,Roads,2,3,3,2,5000000.0,2429000.0,48.6,44.2,396,2025-08-05 12:17:00.378069,,Work in Progress,20.430447979533977,77.53330757837611,Banaskantha Public Works Dept,2026-09-05 12:17:00.378069
42,MPLADS-BR-1036,Water Supply Project at Patna Block 2,Water Supply,1,2,2,3,1200000.0,944000.0,78.7,76.0,272,2025-12-07 12:17:00.394225,,Under Review,26.262918310784396,85.27360705162003,Patna Public Works Dept,2026-09-05 12:17:00.395237
43,MPLADS-BR-1037,Healthcare Project at Patna Block 3,Healthcare,1,2,2,1,1200000.0,1093000.0,91.1,96.2,284,2025-11-25 12:17:00.395624,,Completed,21.516949241003836,85.87486069909903,Patna Public Works Dept,2026-09-05 12:17:00.395624
44,MPLADS-GJ-1038,Community Building Project at Banaskantha Block 4,Community Building,2,3,3,1,7500000.0,3470000.0,46.3,45.8,263,2025-12-16 12:17:00.402180,,Work in Progress,26.882886685568476,75.4142623914304,Banaskantha Public Works Dept,2026-09-05 12:17:00.402180
45,MPLADS-BR-1039,Infrastructure Project at Patna Block 5,Infrastructure,1,2,2,3,7500000.0,3840000.0,51.2,53.8,579,2025-02-03 12:17:00.402180,,Work in Progress,22.30096418208173,73.13436924447602,Patna Public Works Dept,2026-09-05 12:17:00.402180
46,MPLADS-GJ-1040,Infrastructure Project at Banaskantha Block 1,Infrastructure,2,3,3,3,800000.0,727000.0,90.9,92.4,351,2025-09-19 12:17:00.411837,,Completed,21.510685747762462,86.44176130484718,Banaskantha Public Works Dept,2026-09-05 12:17:00.411837
47,MPLADS-GJ-1041,Roads Project at Surat Block 2,Roads,2,4,,5,5000000.0,2335000.0,46.7,53.8,231,2026-01-17 12:17:00.411837,,Work in Progress,21.60162231856814,72.76135935232715,Surat Public Works Dept,2026-09-05 12:17:00.411837
48,MPLADS-GJ-1042,Education Project at Banaskantha Block 3,Education,2,3,3,3,800000.0,760000.0,95.0,97.6,448,2025-06-14 12:17:00.426620,,Completed,25.022927738576634,81.9844733963566,Banaskantha Public Works Dept,2026-09-05 12:17:00.426620
49,MPLADS-GJ-1043,Education Project at Banaskantha Block 4,Education,2,3,3,2,7500000.0,4286000.0,57.1,54.8,338,2025-10-02 12:17:00.427641,,Work in Progress,21.615536734622165,82.00744856977029,Banaskantha Public Works Dept,2026-09-05 12:17:00.427641
50,MPLADS-GJ-1044,Roads Project at Surat Block 5,Roads,2,4,,2,800000.0,461000.0,57.6,59.3,248,2025-12-31 12:17:00.427641,,Under Review,23.496116384919695,80.74177323981566,Surat Public Works Dept,2026-09-05 12:17:00.427641
51,MPLADS-RJ-1045,Education Project at Jaipur Block 1,Education,3,5,4,1,7500000.0,3738000.0,49.8,59.1,270,2025-12-09 12:17:00.427641,,Work in Progress,22.341912599444917,81.99142216094448,Jaipur Public Works Dept,2026-09-05 12:17:00.427641
